id,name,subscian,subscian_desc,strata,lat,lng,weight,rooms_prior,rooms_manual,rooms_source,rooms_final,suspicious
denue/9389802,VILAS HM PARAISO DELMAR,721111,Hotel con servicios integrados,51 a 100 personas,21.52861455,-87.373084,97.5,128,58,official,58,
denue/6803941,VILLAS HM PALAPAS DEL MAR,721111,Hotel con servicios integrados,51 a 100 personas,21.52727227,-87.37325079,97.5,128,52,official,52,
denue/11571842,HOTEL HOLBOX DREAM,721112,Hotel sin servicios integrados,31 a 50 personas,21.52292638,-87.38228832,40.0,52,47,tripadvisor,47,
denue/10854349,HOTEL ALDEA KUKA,721112,Hotel sin servicios integrados,31 a 50 personas,21.53076742,-87.36793794,40.0,52,44,booking,44,
denue/9281119,HOTEL VILLAS FLAMINGOS,721111,Hotel con servicios integrados,51 a 100 personas,21.5321678,-87.36647932,97.5,128,41,tripadvisor,41,
denue/9319757,HOTEL BLUE HOLBOX,721111,Hotel con servicios integrados,11 a 30 personas,21.52959755,-87.37138971,26.0,34,40,google,40,
denue/9269130,MYSTIQUE BLUE SUITES,721111,Hotel con servicios integrados,51 a 100 personas,21.52069516,-87.38351457,97.5,128,38,official,38,
denue/11729147,HOTEL BOUTIQUE AWA,721112,Hotel sin servicios integrados,11 a 30 personas,21.51772991,-87.38810476,20.0,26,33,booking,33,
denue/8839327,HOTEL CABAÑAS COCONUT,721190,"Cabañas, villas y similares",6 a 10 personas,21.52164025,-87.37739527,6.4,8,30,tripadvisor,30,
denue/8726977,HOTEL CASA DE LAS TORTUGAS,721112,Hotel sin servicios integrados,31 a 50 personas,21.52548285,-87.37783466,40.0,52,30,official,30,
denue/8132413,HOTEL LOS ARCOS,721112,Hotel sin servicios integrados,6 a 10 personas,21.52336179,-87.37925292,8.0,10,30,booking,30,
denue/12289200,HOTEL NOMADE HOLBOX,721112,Hotel sin servicios integrados,51 a 100 personas,21.5164722,-87.39013965,75.0,98,30,official,30,
denue/9317024,HOTEL PALAPAS DEL SOL,721111,Hotel con servicios integrados,11 a 30 personas,21.53048874,-87.36991691,26.0,34,30,official,30,
denue/9327509,HOTEL HOLBOX BY XALOC,721111,Hotel con servicios integrados,11 a 30 personas,21.52640326,-87.37420448,26.0,34,29,official,29,
denue/6384870,HOTEL LAS NUBES DE HOLBOX,721111,Hotel con servicios integrados,11 a 30 personas,21.53396543,-87.36402857,26.0,34,28,booking,28,
denue/11683198,HOTEL NAJ CASA HOLBOX,721112,Hotel sin servicios integrados,11 a 30 personas,21.5200682,-87.37860757,20.0,26,28,booking,28,
denue/7833527,BEACH FRONT HOTEL LA PALAPA,721112,Hotel sin servicios integrados,11 a 30 personas,21.52415381,-87.38122519,20.0,26,25,official,25,
denue/7878523,HOTEL VILLAS TIBURON,721112,Hotel sin servicios integrados,11 a 30 personas,21.53138374,-87.36758336,20.0,26,25,booking,25,
denue/10460905,HOSTEL BARCO VERDE,721190,"Cabañas, villas y similares",0 a 5 personas,21.52327293,-87.38095361,2.4,3,24,tripadvisor,24,
denue/10626427,HOTEL MAYARI,721112,Hotel sin servicios integrados,6 a 10 personas,21.52053705,-87.37830171,8.0,10,22,booking,22,
denue/9311563,MACONDO HOLBOX,721111,Hotel con servicios integrados,11 a 30 personas,21.52327213,-87.38138015,26.0,34,22,booking,22,
denue/11170649,HOTEL SOHO BOUTIQUE,721111,Hotel con servicios integrados,11 a 30 personas,21.51691592,-87.38935125,26.0,34,21,official,21,
denue/11320101,CASA ASTRAL,721112,Hotel sin servicios integrados,11 a 30 personas,21.51873827,-87.38699195,20.0,26,20,expedia,20,
denue/9279328,HOTEL CASA MARGOT,721111,Hotel con servicios integrados,11 a 30 personas,21.51713773,-87.38679513,26.0,34,20,google,20,
denue/11808406,HOTEL NAI HOLBOX,721112,Hotel sin servicios integrados,31 a 50 personas,21.51268636,-87.39492275,40.0,52,20,estimate,20,
denue/8730769,HOTEL VILLAS DEL PALMAR,721112,Hotel sin servicios integrados,0 a 5 personas,21.52532713,-87.37431737,3.0,4,20,tripadvisor,20,
denue/9275329,RECIDENCIAL CIELITO HOMES,721111,Hotel con servicios integrados,11 a 30 personas,21.52748768,-87.37232366,26.0,34,20,google,20,
denue/8705858,CASA BARBARA,721112,Hotel sin servicios integrados,6 a 10 personas,21.52190619,-87.37756824,8.0,10,19,booking,19,
denue/9330511,HOTEL CASA HX,721111,Hotel con servicios integrados,11 a 30 personas,21.51341179,-87.39123643,26.0,34,19,official,19,
denue/9644541,HOTEL HAU BOUTIQUE,721111,Hotel con servicios integrados,11 a 30 personas,21.51646792,-87.39013477,26.0,34,19,booking,19,
denue/9304893,SUITS VILLAS EL JARDIN,721111,Hotel con servicios integrados,11 a 30 personas,21.5228058,-87.37864086,26.0,34,19,booking,19,
denue/9276400,HOTEL SER CASASANDRA,721111,Hotel con servicios integrados,11 a 30 personas,21.52693122,-87.37479934,26.0,34,18,official,18,
denue/9281117,HOTEL VILLAS MARGARITAS,721111,Hotel con servicios integrados,6 a 10 personas,21.52510742,-87.37609635,10.4,14,18,tripadvisor,18,
denue/9968218,POSADA YALEKIN,721311,Pensiones y casas de huéspedes,0 a 5 personas,21.52337532,-87.38138616,1.5,2,18,official,18,
denue/9051683,HOTEL DIOSA KALI,721112,Hotel sin servicios integrados,11 a 30 personas,21.52545395,-87.37933156,20.0,26,17,official,17,
denue/7878468,HOTEL AMAITE,721112,Hotel sin servicios integrados,11 a 30 personas,21.52460021,-87.38059624,20.0,26,16,official,16,
denue/9304894,HOTEL PARA TI,721111,Hotel con servicios integrados,6 a 10 personas,21.5217464,-87.3807137,10.4,14,16,official,16,
denue/11074434,HOTEL TROPICAL SUITES BY MIJ,721112,Hotel sin servicios integrados,6 a 10 personas,21.521584,-87.37929879,8.0,10,16,expedia,16,
denue/9320453,HOTEL VILLAS CARACOL,721111,Hotel con servicios integrados,11 a 30 personas,21.53103522,-87.36908784,26.0,34,16,official,16,
denue/11670406,HOSTAL HOLBOX,721190,"Cabañas, villas y similares",0 a 5 personas,21.52418026,-87.37783026,2.4,3,15,tripadvisor,15,
denue/12289082,HOTEL CASA DEL VIENTO,721111,Hotel con servicios integrados,0 a 5 personas,21.52226893,-87.38133241,3.9,5,15,booking,15,
denue/9290884,HOTEL HOLMAR,721111,Hotel con servicios integrados,11 a 30 personas,21.52530968,-87.37890674,26.0,34,15,booking,15,
denue/12289025,HOTEL TIERRA MIA,721111,Hotel con servicios integrados,11 a 30 personas,21.52629891,-87.37501657,26.0,34,15,official,15,
denue/10127825,CASA HX,721111,Hotel con servicios integrados,11 a 30 personas,21.51271548,-87.39122299,26.0,34,14,booking,14,
denue/11320157,HOTEL ARUMA HA,721112,Hotel sin servicios integrados,0 a 5 personas,21.51854249,-87.3817766,3.0,4,14,booking,14,
denue/8726976,HOTEL EN LA PLAYA MAWIMBI,721112,Hotel sin servicios integrados,0 a 5 personas,21.52584005,-87.37752048,3.0,4,14,official,14,
denue/11770384,HOTEL LA PUERTA AZUL HOLBOX,721111,Hotel con servicios integrados,6 a 10 personas,21.51639219,-87.39004851,10.4,14,14,official,14,
denue/9278000,HOTEL PUERTO HOLBOX,721111,Hotel con servicios integrados,6 a 10 personas,21.52044635,-87.38376548,10.4,14,14,booking,14,
denue/11155397,HOTEL SPIRIT,721111,Hotel con servicios integrados,11 a 30 personas,21.51730216,-87.38961524,26.0,34,14,official,14,
denue/9317023,HOTEL ZOMAY,721111,Hotel con servicios integrados,6 a 10 personas,21.52226589,-87.38203732,10.4,14,14,official,14,
denue/7878469,POSADA HOWDUMAR,721190,"Cabañas, villas y similares",0 a 5 personas,21.52381063,-87.37629106,2.4,3,14,booking,14,
denue/6796800,SPIRIT HOLBOX,721111,Hotel con servicios integrados,11 a 30 personas,21.52440346,-87.37995151,26.0,34,14,official,14,
denue/9869053,HOTEL AKVAL HOLBOX,721112,Hotel sin servicios integrados,0 a 5 personas,21.52439913,-87.37879409,3.0,4,13,booking,13,
denue/8132485,HOTEL KAI BOUTIQUE,721112,Hotel sin servicios integrados,0 a 5 personas,21.52185851,-87.3780864,3.0,4,13,tripadvisor,13,
denue/10249717,MHTOZ HOTEL,721112,Hotel sin servicios integrados,0 a 5 personas,21.5244156,-87.37993997,3.0,4,13,official,13,
denue/10998850,MITTOZ HOTEL,721112,Hotel sin servicios integrados,0 a 5 personas,21.52420958,-87.3800186,3.0,4,13,official,13,
denue/9418322,ALCOBAS DEL MAR,721112,Hotel sin servicios integrados,6 a 10 personas,21.52010968,-87.37967614,8.0,10,12,booking,12,
denue/9498301,HOTEL CASA MUUCH,721112,Hotel sin servicios integrados,0 a 5 personas,21.51789525,-87.38907997,3.0,4,12,official,12,
denue/10644586,HOTEL KIN STUDIOS HOLBOX,721112,Hotel sin servicios integrados,0 a 5 personas,21.5152645,-87.38942679,3.0,4,12,booking,12,
denue/7878575,HOTEL MAYAN MITTOZ,721112,Hotel sin servicios integrados,0 a 5 personas,21.52028486,-87.37481513,3.0,4,12,booking,12,
denue/9332130,HOTEL PUNTA CALIZA,721111,Hotel con servicios integrados,11 a 30 personas,21.5265637,-87.37382571,26.0,34,12,official,12,
denue/10995904,HOTEL SIESTA HOLBOX,721112,Hotel sin servicios integrados,6 a 10 personas,21.52278208,-87.38022488,8.0,10,12,booking,12,
denue/11178905,HOTEL VILLA MARILU,721112,Hotel sin servicios integrados,0 a 5 personas,21.52134874,-87.38057058,3.0,4,12,tripadvisor,12,
denue/11162531,APARTMENTS HOTEL ONDA MAYA,721112,Hotel sin servicios integrados,6 a 10 personas,21.52152945,-87.38057262,8.0,10,11,official,11,
denue/7878470,HOSTEL CHE,721190,"Cabañas, villas y similares",6 a 10 personas,21.52182987,-87.37503048,6.4,8,11,booking,11,
denue/7878519,HOSTEL TRIBU,721190,"Cabañas, villas y similares",11 a 30 personas,21.52280654,-87.38151182,16.0,21,11,booking,11,
denue/9288248,HOTEL CABAÑAS IDA Y VUELTA,721111,Hotel con servicios integrados,6 a 10 personas,21.52651115,-87.37376816,10.4,14,11,expedia,11,
denue/8705862,HOTEL EL CORAZON BOUTIQUE,721112,Hotel sin servicios integrados,6 a 10 personas,21.52610657,-87.37415044,8.0,10,11,official,11,
denue/11004351,HOTEL KRAK INN,721112,Hotel sin servicios integrados,0 a 5 personas,21.52093488,-87.37391236,3.0,4,11,booking,11,
denue/11241932,CASA CHUJUK,721311,Pensiones y casas de huéspedes,0 a 5 personas,21.52188509,-87.37631444,1.5,2,10,tripadvisor,10,
denue/9330415,GOLDEN PARADISE TOWN,721111,Hotel con servicios integrados,11 a 30 personas,21.52117018,-87.37967445,26.0,34,10,tripadvisor,10,
denue/9304286,HOTEL AK NA,721111,Hotel con servicios integrados,6 a 10 personas,21.51735446,-87.38832135,10.4,14,10,official,10,
denue/9898865,HOTEL BHOGA,721112,Hotel sin servicios integrados,0 a 5 personas,21.51544553,-87.38931909,3.0,4,10,booking,10,
denue/8726974,HOTEL CASA IGUANA,721112,Hotel sin servicios integrados,6 a 10 personas,21.52679802,-87.37466651,8.0,10,10,booking,10,
denue/10448134,HOTEL CHOBYS HOUSE,721112,Hotel sin servicios integrados,0 a 5 personas,21.51859341,-87.38798963,3.0,4,10,booking,10,
denue/8132261,HOTEL LA CASA DE CAPI,721112,Hotel sin servicios integrados,0 a 5 personas,21.52221273,-87.37872249,3.0,4,10,booking,10,
denue/8279895,HOTELITO VILLAS HOLBOX,721112,Hotel sin servicios integrados,0 a 5 personas,21.52468187,-87.37855284,3.0,4,10,booking,10,
denue/9912344,MAPACHE HOSTAL,721190,"Cabañas, villas y similares",6 a 10 personas,21.52454643,-87.37684124,6.4,8,10,official,10,
denue/7878518,SIRENAS CARIBEAN ROOM,721112,Hotel sin servicios integrados,0 a 5 personas,21.52053404,-87.38359381,3.0,4,10,official,10,
denue/9295840,HOTEL GOLDEN PARADISE BEACH,721111,Hotel con servicios integrados,11 a 30 personas,21.5173922,-87.38990105,26.0,34,9,google,9,
denue/9702934,HOTEL ISLA BONITA,721112,Hotel sin servicios integrados,0 a 5 personas,21.51956168,-87.38202932,3.0,4,9,booking,9,
denue/8011911,HOTEL VILLAS EL ENCANTO HOLBOX,721190,"Cabañas, villas y similares",0 a 5 personas,21.52781405,-87.37460955,2.4,3,9,tripadvisor,9,
denue/8279889,HOTELITO LA CONSTANZA DEL ROLO,721112,Hotel sin servicios integrados,0 a 5 personas,21.52463687,-87.37943651,3.0,4,9,expedia,9,
denue/10134751,TARA TARA HOTEL,721112,Hotel sin servicios integrados,6 a 10 personas,21.52442385,-87.37562274,8.0,10,9,booking,9,
denue/10753315,CABAÑAS CHAC MOOL,721190,"Cabañas, villas y similares",0 a 5 personas,21.52269162,-87.37927098,2.4,3,8,tripadvisor,8,
denue/10854608,CABAÑAS SKYCAMP,721190,"Cabañas, villas y similares",0 a 5 personas,21.51564495,-87.38981024,2.4,3,8,booking,8,
denue/10671915,HOSTAL MAYA AVENTURA,721190,"Cabañas, villas y similares",0 a 5 personas,21.52436734,-87.37793332,2.4,3,8,tripadvisor,8,
denue/9636308,HOTEL BOHONITO,721112,Hotel sin servicios integrados,0 a 5 personas,21.52253555,-87.37747145,3.0,4,8,estimate,8,
denue/11203815,HOTEL BRISA DEL MAR,721112,Hotel sin servicios integrados,0 a 5 personas,21.52274564,-87.37967037,3.0,4,8,expedia,8,
denue/8279897,HOTEL CASA MAYA,721112,Hotel sin servicios integrados,0 a 5 personas,21.52590194,-87.37861643,3.0,4,8,expedia,8,
denue/7805886,HOTEL CORAZON MEXICANO HOLBOX,721112,Hotel sin servicios integrados,0 a 5 personas,21.52152782,-87.3740574,3.0,4,8,official,8,
denue/8726455,HOTEL ENSUEÑO HOLBOX APARTMENTS,721112,Hotel sin servicios integrados,6 a 10 personas,21.51704261,-87.38796795,8.0,10,8,estimate,8,
denue/8279841,HOTEL LA CHAYA,721112,Hotel sin servicios integrados,0 a 5 personas,21.52455791,-87.37970155,3.0,4,8,booking,8,
denue/9296153,HOTELITO CRISMI,721111,Hotel con servicios integrados,11 a 30 personas,21.5315889,-87.36823227,26.0,34,8,booking,8,
denue/11265576,ALDEA CABAÑAS Y LAMPING,721190,"Cabañas, villas y similares",6 a 10 personas,21.51971833,-87.38362065,6.4,8,7,tripadvisor,7,
denue/11288121,HOTEL ARTESANO,721112,Hotel sin servicios integrados,0 a 5 personas,21.5266312,-87.37450584,3.0,4,7,booking,7,
denue/11332000,HOTEL AURORA HOLBOX,721112,Hotel sin servicios integrados,0 a 5 personas,21.52250148,-87.37941501,3.0,4,7,booking,7,
denue/11637017,HOTEL SHANKARA,721311,Pensiones y casas de huéspedes,0 a 5 personas,21.52388704,-87.37715467,1.5,2,7,official,7,
denue/9422957,CASA IMOX,721111,Hotel con servicios integrados,11 a 30 personas,21.51819451,-87.38515723,26.0,34,6,official,6,
denue/10893631,CASA MECH,721112,Hotel sin servicios integrados,0 a 5 personas,21.52282886,-87.37633566,3.0,4,6,estimate,6,
denue/9467634,CASA TAKYWARA,721111,Hotel con servicios integrados,11 a 30 personas,21.5197388,-87.38531514,26.0,34,6,booking,6,
denue/9782964,HOTEL LA CASA DE MIA,721112,Hotel sin servicios integrados,0 a 5 personas,21.52348749,-87.37518786,3.0,4,6,booking,6,
denue/9770496,HOTEL TIERRA DEL MAR,721112,Hotel sin servicios integrados,6 a 10 personas,21.52337904,-87.38085047,8.0,10,6,booking,6,
denue/8805712,POSADA LOS ABUELOS,721311,Pensiones y casas de huéspedes,0 a 5 personas,21.52350068,-87.37648137,1.5,2,6,tripadvisor,6,
denue/9726657,REHILETE POSADA,721311,Pensiones y casas de huéspedes,0 a 5 personas,21.52240232,-87.37864717,1.5,2,6,google,6,
denue/9279327,WHY KNOT,721311,Pensiones y casas de huéspedes,0 a 5 personas,21.51805477,-87.38601692,1.5,2,6,official,6,
denue/7878579,CASA OHANA,721112,Hotel sin servicios integrados,0 a 5 personas,21.52130888,-87.3781678,3.0,4,5,booking,5,
denue/10541438,ECO CABAÑAS LAAK,721190,"Cabañas, villas y similares",0 a 5 personas,21.5177631,-87.38629414,2.4,3,5,official,5,
denue/10907551,HOSTAL WAKAC,721190,"Cabañas, villas y similares",0 a 5 personas,21.52435335,-87.37679938,2.4,3,5,estimate,5,
denue/12289081,HOTEL CASA CATBA,721111,Hotel con servicios integrados,6 a 10 personas,21.52361039,-87.38199028,10.4,14,5,official,5,
denue/10808682,HOTEL CASA CORONA HOLBOX,721112,Hotel sin servicios integrados,0 a 5 personas,21.52115554,-87.37688065,3.0,4,5,booking,5,
denue/10667857,HOTEL EL JARDIN DE LOS ALUXES,721112,Hotel sin servicios integrados,0 a 5 personas,21.51813997,-87.38298697,3.0,4,5,booking,5,
denue/11358483,HOTEL LIFESTYLE KB,721112,Hotel sin servicios integrados,0 a 5 personas,21.52353997,-87.37967218,3.0,4,5,estimate,5,
denue/11449417,HOTEL VILLA LOS MANGLES HOLBOX,721112,Hotel sin servicios integrados,0 a 5 personas,21.52716175,-87.37271898,3.0,4,5,official,5,
denue/8132480,POSADA CLARITA,721311,Pensiones y casas de huéspedes,0 a 5 personas,21.52395408,-87.37854276,1.5,2,5,tripadvisor,5,
denue/9559253,POSADA DON PANCHON Y MARUXA,721311,Pensiones y casas de huéspedes,0 a 5 personas,21.52270089,-87.3771879,1.5,2,5,booking,5,
denue/11298772,CASA KA ANCHE CAMPING,721210,Campamentos y albergues,0 a 5 personas,21.52405166,-87.37707644,1.2,2,4,estimate,4,
denue/9279325,CASA LUZ,721112,Hotel sin servicios integrados,0 a 5 personas,21.51945021,-87.38665699,3.0,4,4,booking,4,
denue/10600063,HOTEL POSADA DAVID,721112,Hotel sin servicios integrados,0 a 5 personas,21.52486269,-87.37735757,3.0,4,4,estimate,4,
denue/11373353,KIN CAMPING,721210,Campamentos y albergues,0 a 5 personas,21.51958492,-87.38178929,1.2,2,4,estimate,4,
denue/8132482,POSADA AMAPOLA,721311,Pensiones y casas de huéspedes,0 a 5 personas,21.52399145,-87.37859009,1.5,2,4,estimate,4,
denue/8132354,POSADA LAURY,721311,Pensiones y casas de huéspedes,0 a 5 personas,21.52266986,-87.37734953,1.5,2,4,estimate,4,
denue/10771358,POSADA LOS CORALES,721311,Pensiones y casas de huéspedes,0 a 5 personas,21.5229567,-87.37575156,1.5,2,4,google,4,
denue/9905193,SUITE PELECANO,721312,Departamentos amueblados,0 a 5 personas,21.52229188,-87.37769264,1.8,2,4,estimate,4,
denue/11214476,CASA DE HUESPEDES SQUALOS PLEACES,721311,Pensiones y casas de huéspedes,0 a 5 personas,21.51852518,-87.38310909,1.5,2,3,google,3,
denue/10637505,CASA ÑAÑA,721112,Hotel sin servicios integrados,0 a 5 personas,21.52322483,-87.38017153,3.0,4,3,booking,3,
denue/9279322,HOLBOX DELUXE APARTMENTS,721190,"Cabañas, villas y similares",0 a 5 personas,21.51849503,-87.38564872,2.4,3,3,estimate,3,
denue/9950656,HOTEL BOUTIQUE ALOHA,721112,Hotel sin servicios integrados,0 a 5 personas,21.5257217,-87.3747437,3.0,4,3,estimate,3,
denue/11219880,HOTEL CASA MAR,721112,Hotel sin servicios integrados,0 a 5 personas,21.52589881,-87.37499955,3.0,4,3,booking,3,
denue/9032208,PARADISE PAMLS HOTEL,721112,Hotel sin servicios integrados,6 a 10 personas,21.52607572,-87.37385446,8.0,10,3,booking,3,
denue/10851190,POSADA ANHELING,721311,Pensiones y casas de huéspedes,0 a 5 personas,21.52160566,-87.38034128,1.5,2,3,estimate,3,
denue/8132415,POSADA LA RAZA,721311,Pensiones y casas de huéspedes,0 a 5 personas,21.52351481,-87.37942138,1.5,2,3,estimate,3,
denue/8279948,POSADA ROCIO,721311,Pensiones y casas de huéspedes,0 a 5 personas,21.52136992,-87.37925939,1.5,2,3,estimate,3,
denue/12289230,,721312,Departamentos amueblados,0 a 5 personas,21.51834699,-87.3880034,1.8,2,,prior,2,
denue/9389786,BAR ARENA,721111,Hotel con servicios integrados,6 a 10 personas,21.52327831,-87.37916102,10.4,,,,,SÍ
denue/9425873,MAYAYMAR INMOBILIARIA,721111,Hotel con servicios integrados,6 a 10 personas,21.51860276,-87.3791073,10.4,,,,,SÍ
denue/11834173,RESTAURANTE BY XALOC,721112,Hotel sin servicios integrados,11 a 30 personas,21.52649862,-87.37429918,20.0,,,,,SÍ
denue/9389734,RESTAURANTE MANGLE,721111,Hotel con servicios integrados,31 a 50 personas,21.53237908,-87.36619884,52.0,,,,,SÍ
denue/9389733,RESTAURANTE PEDALES,721111,Hotel con servicios integrados,31 a 50 personas,21.53237367,-87.36620603,52.0,,,,,SÍ
